player_id,skill_level,conf
player1,247.0622344354173,0.997279958761496
player2,186.42938614251287,0.9896793728064855
player3,183.54439460686206,0.9896872724858597
player4,188.76416481731735,0.9896872724858597
